"uid","locationID","domainID","siteID","plotID","plotType","sampleType","nlcdClass","geodeticDatum","decimalLatitude","decimalLongitude","coordinateUncertainty","elevation","elevationUncertainty","altLatitude","altLongitude","altCoordinateUncertainty","collectDate","eventID","cfcIndividual","taxonID","scientificName","sampleID","sampleCode","individualID","plantStatus","leafStatus","leafAge","leafExposure","leafSamplePosition","targetType","targetStatus","measurementVenue","measurementDate","leafArrangement","spectralSampleID","spectralSampleCode","remarks","collectedBy","recordedBy","dataQF","publicationDate","release"
"0e72b33e-88e0-4a8a-a99b-10d0193cf23d","GUAN_043.basePlot.cfc","D04","GUAN","GUAN_043","tower","Individual","evergreenForest","WGS84",17.9689,-66.8677,20.1,113.5,0.1,NA,NA,NA,"2022-10-17T17:31Z","fsp.GUAN.2022_Leaf","Y","SWMA2","Swietenia mahagoni (L.) Jacq.","xIqeKa1cF5zi5fI3F8z9YUCLDiedYP/ZaVU26oweEtY=","A00000196245","NEON.PLA.D04.GUAN.00045","OK","healthy","mature","sunlit","top","pure foliage","fresh","outdoor","2022-10-17T12:49Z","single leaf","FSP_GUAN_20221017_1249",NA,NA,"0000-0002-1538-9085","0000-0002-6338-5791",NA,"20241118T013955Z","RELEASE-2025"
"a8de80f0-f9e9-4ad8-821b-0fc92e030318","GUAN_043.basePlot.cfc","D04","GUAN","GUAN_043","tower","Individual","evergreenForest","WGS84",17.9689,-66.8677,20.1,113.5,0.1,NA,NA,NA,"2022-10-17T17:38Z","fsp.GUAN.2022_Leaf","Y","LELE10","Leucaena leucocephala (Lam.) de Wit","xIqeKa1cF5wSZS+06MWH44oQs8w7IOJ+M5kkEMcjs6Q=","A00000196243","NEON.PLA.D04.GUAN.08037","OK","healthy","mature","sunlit","top","pure foliage","fresh","outdoor","2022-10-17T13:45Z","multiple overlapping leaves","FSP_GUAN_20221017_1345",NA,"Sampled with tape. Some condensation","0000-0002-1538-9085","0000-0002-6338-5791",NA,"20241118T013955Z","RELEASE-2025"
"253509a8-6463-4d13-8af4-5be6d13dee8a","GUAN_052.basePlot.cfc","D04","GUAN","GUAN_052","tower","Individual","evergreenForest","WGS84",17.968,-66.8671,20.1,109.3,0.1,NA,NA,NA,"2022-10-17T17:48Z","fsp.GUAN.2022_Leaf","Y","SESI3","Senna siamea (Lam.) Irwin & Barneby","xIqeKa1cF5xW8y1T3NKGpl0Nvj5CNVNdmieMHC3iqpc=","A00000195525","NEON.PLA.D04.GUAN.00380","OK","healthy","mature","sunlit","top","pure foliage","fresh","outdoor","2022-10-17T14:10Z","multiple overlapping leaves","FSP_GUAN_20221017_1410",NA,NA,"0000-0002-1538-9085","0000-0002-6338-5791",NA,"20241118T013955Z","RELEASE-2025"
"e2572a1a-1970-4266-8212-614637b454ea","GUAN_043.basePlot.cfc","D04","GUAN","GUAN_043","tower","Individual","evergreenForest","WGS84",17.9689,-66.8677,20.1,113.5,0.1,NA,NA,NA,"2022-10-17T18:16Z","fsp.GUAN.2022_Leaf","Y","GUOF","Guaiacum officinale L.","xIqeKa1cF5waeJdGCqrXoSQT/Lziw6bhkeV1Bg9CKJk=","A00000196244","NEON.PLA.D04.GUAN.00065","Insect damaged","damaged","mature","sunlit","top","pure foliage","fresh","outdoor","2022-10-17T14:45Z","multiple overlapping leaves","FSP_GUAN_20221017_1445",NA,"Caterpillar bites","0000-0002-1538-9085","0000-0002-6338-5791",NA,"20241118T013955Z","RELEASE-2025"
"750a4143-cc5e-4d9e-a57e-6ee650877ca2","GUAN_043.basePlot.cfc","D04","GUAN","GUAN_043","tower","Individual","evergreenForest","WGS84",17.9689,-66.8677,20.1,113.5,0.1,NA,NA,NA,"2022-10-17T18:16Z","fsp.GUAN.2022_Leaf","Y","GUOF","Guaiacum officinale L.","xIqeKa1cF5waeJdGCqrXoSQT/Lziw6bhkeV1Bg9CKJk=","A00000196244","NEON.PLA.D04.GUAN.00065","Insect damaged","damaged","mature","sunlit","top","pure foliage","fresh","outdoor","2022-10-17T14:33Z","multiple overlapping leaves","FSP_GUAN_20221017_1433",NA,"Caterpillar holes","0000-0002-1538-9085","0000-0002-6338-5791",NA,"20241118T013955Z","RELEASE-2025"
"af5293fa-195e-4d19-8b71-842721815eb4","GUAN_043.basePlot.cfc","D04","GUAN","GUAN_043","tower","Individual","evergreenForest","WGS84",17.9689,-66.8677,20.1,113.5,0.1,17.969,-66.8689,NA,"2022-10-17T18:50Z","fsp.GUAN.2022_Leaf","N","STEM3","Stigmaphyllon emarginatum (Cav.) A. Juss.","cvq/qyn8eF+eg38f0AadypVe/1bGx8EYHgDP3v2ToSs=",NA,NA,"OK","healthy","mature","sunlit","top","pure foliage","fresh","outdoor","2022-10-17T14:53Z","single leaf","FSP_GUAN_20221017_1453",NA,"Vine attached to sample 65 from plot 43","0000-0002-1538-9085","0000-0002-6338-5791",NA,"20241118T013955Z","RELEASE-2025"
"2e215a8a-0780-448e-af96-3a18d99eb6c7","GUAN_013.basePlot.cfc","D04","GUAN","GUAN_013","distributed","Individual","evergreenForest","WGS84",17.9637,-66.8377,20.1,59.7,0.1,NA,NA,NA,"2022-10-17T19:30Z","fsp.GUAN.2022_Leaf","Y","COMI","Coccoloba microstachya Willd.","xIqeKa1cF5z72JX2reoxbMPR+4g8yM5u6+dMsqPClD0=","A00000196246","NEON.PLA.D04.GUAN.09336Z","OK","healthy","mature","sunlit","top","pure foliage","fresh","outdoor","2022-10-17T09:32Z","single leaf","FSP_GUAN_20221017_0932",NA,NA,"0000-0002-1538-9085","0000-0002-6338-5791",NA,"20241118T013955Z","RELEASE-2025"
"625238aa-f2be-4617-a801-7aadc389bbf0","GUAN_013.basePlot.cfc","D04","GUAN","GUAN_013","distributed","Individual","evergreenForest","WGS84",17.9637,-66.8377,20.1,59.7,0.1,NA,NA,NA,"2022-10-17T19:31Z","fsp.GUAN.2022_Leaf","Y","GYLU","Gymnanthes lucida Sw.","xIqeKa1cF5zBM0IcUErwZT1ebOjlpByWibd5nqHAMx8=","A00000196242","NEON.PLA.D04.GUAN.09337Z","OK","healthy","mature","sunlit","top","pure foliage","fresh","outdoor","2022-10-17T09:59Z","multiple overlapping leaves","FSP_GUAN_20221017_0959",NA,NA,"0000-0002-1538-9085","0000-0002-6338-5791",NA,"20241118T013955Z","RELEASE-2025"
"5a13cdd3-12e7-4bc8-a564-504e110538a1","GUAN_013.basePlot.cfc","D04","GUAN","GUAN_013","distributed","Individual","evergreenForest","WGS84",17.9637,-66.8377,20.1,59.7,0.1,NA,NA,NA,"2022-10-17T19:33Z","fsp.GUAN.2022_Leaf","Y","JABE","Jacquinia berteroi Spreng.","xIqeKa1cF5y20XjCRDkBjzY5LxtZ8luvHTmGwlEDlVE=","A00000196247","NEON.PLA.D04.GUAN.09338","OK","healthy","mature","sunlit","top","pure foliage","fresh","outdoor","2022-10-17T09:40Z","multiple overlapping leaves","FSP_GUAN_20221017_0940",NA,NA,"0000-0002-1538-9085","0000-0002-6338-5791",NA,"20241118T013955Z","RELEASE-2025"
"02cca564-f0ff-43b4-ab5b-e567460b21f3","GUAN_013.basePlot.cfc","D04","GUAN","GUAN_013","distributed","Individual","evergreenForest","WGS84",17.9637,-66.8377,20.1,59.7,0.1,NA,NA,NA,"2022-10-17T19:34Z","fsp.GUAN.2022_Leaf","Y","GUEL","Guettarda elliptica Sw.","xIqeKa1cF5woCf75IHtWr9+f4ArbsOAX57LGjLSaIWI=","A00000196241","NEON.PLA.D04.GUAN.09339","OK","healthy","mature","sunlit","top","pure foliage","fresh","outdoor","2022-10-17T09:54Z","single leaf","FSP_GUAN_20221017_0954",NA,NA,"0000-0002-1538-9085","0000-0002-6338-5791",NA,"20241118T013955Z","RELEASE-2025"
"d95e45ad-0d8f-4fdd-892f-b9ae117aab95","GUAN_017.basePlot.cfc","D04","GUAN","GUAN_017","distributed","Individual","evergreenForest","WGS84",17.9655,-66.8352,20.1,73.1,0.1,NA,NA,NA,"2022-10-18T11:47Z","fsp.GUAN.2022_Leaf","Y","PLAL","Plumeria alba L.","xIqeKa1cF5yiDhwNBG1j7kHUWmHpDfZyCqiXBspIzw0=","A00000195521","NEON.PLA.D04.GUAN.09350","Insect damaged","damaged","mature","sunlit","top","pure foliage","fresh","outdoor","2022-10-18T08:20Z","single leaf","FSP_GUAN_20221018_0820",NA,"Insect damage","0000-0002-1538-9085","0000-0002-6338-5791",NA,"20241118T013955Z","RELEASE-2025"
"a75b8a3a-8dff-4d24-82b5-9fcfd9de1b3a","GUAN_017.basePlot.cfc","D04","GUAN","GUAN_017","distributed","Individual","evergreenForest","WGS84",17.9655,-66.8352,20.1,73.1,0.1,NA,NA,NA,"2022-10-18T12:00Z","fsp.GUAN.2022_Leaf","Y","CAXY","Cassine xylocarpa Vent.","xIqeKa1cF5yUr8n6TgTOJ1k/R1KOSzDgjpmAweEefN8=","A00000195523","NEON.PLA.D04.GUAN.09352","Insect damaged","damaged","mature","sunlit","top","pure foliage","fresh","outdoor","2022-10-18T08:24Z","multiple overlapping leaves","FSP_GUAN_20221018_0824",NA,"Insect damage","0000-0002-1538-9085","0000-0002-6338-5791",NA,"20241118T013955Z","RELEASE-2025"
"ed5d9382-f347-4c41-a684-a169868b989c","GUAN_017.basePlot.cfc","D04","GUAN","GUAN_017","distributed","Individual","evergreenForest","WGS84",17.9655,-66.8352,20.1,73.1,0.1,NA,NA,NA,"2022-10-18T12:20Z","fsp.GUAN.2022_Leaf","Y","EUXE","Eugenia xerophytica Britton","xIqeKa1cF5w46UDoK04OUrtqmqN3dTuUm2y6T52BHV4=","A00000195522","NEON.PLA.D04.GUAN.09351","Insect damaged","damaged","mature","sunlit","top","pure foliage","fresh","outdoor","2022-10-18T08:35Z","single leaf","FSP_GUAN_20221018_0835",NA,"Insect damaged and discolored","0000-0002-1538-9085","0000-0002-6338-5791",NA,"20241118T013955Z","RELEASE-2025"
"43e2c87f-63bb-4ed3-be1c-51e90bb2b6af","GUAN_017.basePlot.cfc","D04","GUAN","GUAN_017","distributed","Individual","evergreenForest","WGS84",17.9655,-66.8352,20.1,73.1,0.1,NA,NA,NA,"2022-10-18T12:20Z","fsp.GUAN.2022_Leaf","Y","EUXE","Eugenia xerophytica Britton","xIqeKa1cF5w46UDoK04OUrtqmqN3dTuUm2y6T52BHV4=","A00000195522","NEON.PLA.D04.GUAN.09351","Insect damaged","damaged","mature","sunlit","top","pure foliage","fresh","outdoor","2022-10-18T08:31Z","single leaf","FSP_GUAN_20221018_0831",NA,"Insect damage but still full green","0000-0002-1538-9085","0000-0002-6338-5791",NA,"20241118T013955Z","RELEASE-2025"
"761e3b6f-11db-47cf-bc0f-6118da89f9f1","GUAN_001.basePlot.cfc","D04","GUAN","GUAN_001","distributed","Individual","evergreenForest","WGS84",17.9728,-66.8512,20.1,149.5,0.14,NA,NA,NA,"2022-10-18T13:50Z","fsp.GUAN.2022_Leaf","Y","ROAC2","Rochefortia acanthophora (DC.) Griseb.","xIqeKa1cF5yuxYmoQLiTXU//LFQCmF626HRdoebOF0o=","A00000196261","NEON.PLA.D04.GUAN.09398","OK","healthy","mature","sunlit","top","pure foliage","fresh","outdoor","2022-10-18T10:24Z","multiple overlapping leaves","FSP_GUAN_20221018_1024",NA,"Might have slight insect damage - some condensation forming in tape due to humidity","0000-0002-1538-9085","0000-0002-6338-5791",NA,"20241118T013955Z","RELEASE-2025"
"7633cd8e-984a-4974-8bcf-145224340514","GUAN","D04","GUAN",NA,NA,"Individual",NA,"WGS84",17.9696,-66.8687,NA,125.3,NA,17.9727,-66.8527,5,"2022-10-18T13:59Z","fsp.GUAN.2022_Leaf","N","CAHA9","Capparis hastata Jacq.","cvq/qyn8eF/XhBfsYpib4HsxvtAoZXG7I5XSc7UJgl4=",NA,NA,"Insect damaged","damaged","mature","shaded","bottom","pure foliage","fresh","outdoor","2022-10-18T10:01Z","single leaf","FSP_GUAN_20221018_1001",NA,"Near plot 1. Caterpillar and aphid damage","0000-0002-1538-9085","0000-0002-6338-5791",NA,"20241118T013955Z","RELEASE-2025"
"9f3d46fe-b5c4-4b8d-a3c1-b8f2004b4d09","GUAN_001.basePlot.cfc","D04","GUAN","GUAN_001","distributed","Individual","evergreenForest","WGS84",17.9728,-66.8512,20.1,149.5,0.14,NA,NA,NA,"2022-10-18T14:07Z","fsp.GUAN.2022_Leaf","Y","BUBU","Bucida buceras L.","xIqeKa1cF5yM8COs61ByxDBBgsQwQT5zXmYx7+T3xKE=","A00000196260","NEON.PLA.D04.GUAN.04566","OK","healthy","mature","part-sun","top","pure foliage","fresh","outdoor","2022-10-18T10:52Z","single leaf","FSP_GUAN_20221018_1052",NA,"Second sample from same CFC collect - leaf slightly greener than first sample - lower position on branch","0000-0002-1538-9085","0000-0002-6338-5791",NA,"20241118T013955Z","RELEASE-2025"
"e6d7bdeb-5c7c-4c2f-ac05-30e3591c384f","GUAN_001.basePlot.cfc","D04","GUAN","GUAN_001","distributed","Individual","evergreenForest","WGS84",17.9728,-66.8512,20.1,149.5,0.14,NA,NA,NA,"2022-10-18T14:07Z","fsp.GUAN.2022_Leaf","Y","BUBU","Bucida buceras L.","xIqeKa1cF5yM8COs61ByxDBBgsQwQT5zXmYx7+T3xKE=","A00000196260","NEON.PLA.D04.GUAN.04566","OK","healthy","mature","sunlit","top","pure foliage","fresh","outdoor","2022-10-18T10:47Z","single leaf","FSP_GUAN_20221018_1047",NA,NA,"0000-0002-1538-9085","0000-0002-6338-5791",NA,"20241118T013955Z","RELEASE-2025"
"b0761531-e9b5-4179-a343-8e96e438dd40","GUAN","D04","GUAN",NA,NA,"Individual",NA,"WGS84",17.9696,-66.8687,NA,125.3,NA,17.9693,-66.8689,5,"2022-10-18T14:16Z","fsp.GUAN.2022_Leaf","N","DERE","Delonix regia (Bojer ex Hook.) Raf.","cvq/qyn8eF+t6ppiGnGsZxAHyEgKhFfzQuTsmQwY/Fg=",NA,NA,"OK","healthy","mature","shaded","middle","foliage plus stem","fresh","outdoor","2022-10-18T10:16Z","single leaf","FSP_GUAN_20221018_1016",NA,"Collected off roadside near plot 001 - need to update location","0000-0002-1538-9085","0000-0002-6338-5791",NA,"20241118T013955Z","RELEASE-2025"
"4be581eb-b8e9-43bb-899b-3daa5324c9a9","GUAN","D04","GUAN",NA,NA,"Individual",NA,"WGS84",17.9696,-66.8687,NA,125.3,NA,17.9726,-66.8527,5,"2022-10-18T14:32Z","fsp.GUAN.2022_Leaf","N","URMA3","Urochloa maxima (Jacq.) R. Webster","cvq/qyn8eF8VWmaXZAI1TSS1BhLplJiFdvXljcxBga0=",NA,NA,"OK","healthy","mature","shaded","bottom","pure foliage","fresh","outdoor","2022-10-18T10:34Z","single leaf","FSP_GUAN_20221018_1034",NA,"Off of road by Plot 001","0000-0002-1538-9085","0000-0002-6338-5791",NA,"20241118T013955Z","RELEASE-2025"
"da426831-9c0c-487c-904a-3572df6bd151","GUAN_001.basePlot.cfc","D04","GUAN","GUAN_001","distributed","Individual","evergreenForest","WGS84",17.9728,-66.8512,20.1,149.5,0.14,NA,NA,NA,"2022-10-18T14:42Z","fsp.GUAN.2022_Leaf","Y","BOSU2","Bourreria succulenta Jacq.","xIqeKa1cF5yMBPJoNJKIaao/Xnwrd00R5EpOFLPBRm4=","A00000196259","NEON.PLA.D04.GUAN.04562","OK","damaged","mature","sunlit","top","pure foliage","fresh","outdoor","2022-10-18T12:13Z","single leaf","FSP_GUAN_20221018_1213",NA,"Reddish spotting from insect damage","0000-0002-1538-9085","0000-0002-6338-5791",NA,"20241118T013955Z","RELEASE-2025"
"d5aab9a2-50ef-4192-8e48-8ea4d928d4b4","GUAN_001.basePlot.cfc","D04","GUAN","GUAN_001","distributed","Individual","evergreenForest","WGS84",17.9728,-66.8512,20.1,149.5,0.14,NA,NA,NA,"2022-10-18T14:42Z","fsp.GUAN.2022_Leaf","Y","BOSU2","Bourreria succulenta Jacq.","xIqeKa1cF5yMBPJoNJKIaao/Xnwrd00R5EpOFLPBRm4=","A00000196259","NEON.PLA.D04.GUAN.04562","OK","healthy","mature","sunlit","top","pure foliage","fresh","outdoor","2022-10-18T12:18Z","single leaf","FSP_GUAN_20221018_1218",NA,"Second sample from same CFC","0000-0002-1538-9085","0000-0002-6338-5791",NA,"20241118T013955Z","RELEASE-2025"
"314b5448-05dc-406d-8480-d871781d6842","GUAN","D04","GUAN",NA,NA,"Individual",NA,"WGS84",17.9696,-66.8687,NA,125.3,NA,17.9717,-66.8706,10,"2022-10-18T15:07Z","fsp.GUAN.2022_Leaf","N","PIAL3","Pisonia albida (Heimerl) Britton ex Standl.","cvq/qyn8eF8we6HAC/Yl0jirp+zmABA/SIANTR3/wRs=",NA,NA,"OK","healthy","mature","shaded","middle","pure foliage","fresh","outdoor","2022-10-18T11:07Z","single leaf","FSP_GUAN_20221018_1107",NA,"Off roadside near plot 001 - need to update coordinates since made record at another spot","0000-0002-1538-9085","0000-0002-6338-5791",NA,"20241118T013955Z","RELEASE-2025"
"4d6c4593-04ca-433f-9b2f-8dd629e309ab","GUAN_001.basePlot.cfc","D04","GUAN","GUAN_001","distributed","Individual","evergreenForest","WGS84",17.9728,-66.8512,20.1,149.5,0.14,NA,NA,NA,"2022-10-18T15:46Z","fsp.GUAN.2022_Leaf","Y","EURH","Eugenia rhombea (Berg) Krug & Urb.","xIqeKa1cF5wJTjPuLW4fetTL3SLLqgtf8IZjC0RST5g=","A00000195526","NEON.PLA.D04.GUAN.08869Z","OK","healthy","mature","sunlit","top","pure foliage","fresh","outdoor","2022-10-18T12:34Z","single leaf","FSP_GUAN_20221018_1234",NA,NA,"0000-0002-1538-9085","0000-0002-6338-5791",NA,"20241118T013955Z","RELEASE-2025"
"adc1e94b-06f6-4eff-8816-0ddb2c68b05d","GUAN","D04","GUAN",NA,NA,"Individual",NA,"WGS84",17.9696,-66.8687,NA,125.3,NA,17.9726,-66.8527,10,"2022-10-18T16:29Z","fsp.GUAN.2022_Leaf","N","MAUN3","Macfadyena unguis-cati (L.) A.H. Gentry","cvq/qyn8eF8kvg8VEQ1xHmIRO3Whv8SLoVwPmZOI7iI=",NA,NA,"OK","healthy","mature","shaded","middle","pure foliage","fresh","outdoor","2022-10-18T12:29Z","single leaf","FSP_GUAN_20221018_1229",NA,"Vine on tree off roadside near plot 001","0000-0002-1538-9085","0000-0002-6338-5791",NA,"20241118T013955Z","RELEASE-2025"
"53cbe688-6678-432f-b529-b704b4cf56be","GUAN_010.basePlot.cfc","D04","GUAN","GUAN_010","distributed","Individual","evergreenForest","WGS84",17.9724,-66.8713,20.1,175.2,0.1,NA,NA,NA,"2022-10-18T18:10Z","fsp.GUAN.2022_Leaf","Y","ERRO3","Erythroxylum rotundifolium Lunan","xIqeKa1cF5xBlG5O70BZWGKQifO1wd/ZRsONhwRNkIo=","A00000196262","NEON.PLA.D04.GUAN.09197","OK","healthy","mature","sunlit","top","pure foliage","fresh","outdoor","2022-10-18T14:37Z","multiple overlapping leaves","FSP_GUAN_20221018_1437",NA,"Taped only on back","0000-0002-1538-9085","0000-0002-6338-5791",NA,"20241118T013955Z","RELEASE-2025"
"e4de92c3-fced-49aa-89d6-0809d2c0e4b4","GUAN_010.basePlot.cfc","D04","GUAN","GUAN_010","distributed","Individual","evergreenForest","WGS84",17.9724,-66.8713,20.1,175.2,0.1,NA,NA,NA,"2022-10-18T18:16Z","fsp.GUAN.2022_Leaf","Y","ERFR4","Erithalis fruticosa L.","xIqeKa1cF5ysy9SNbpBixYD9M3Mpsn5nPMto4UDD8BY=","A00000195520","NEON.PLA.D04.GUAN.09376","OK","healthy","mature","sunlit","top","pure foliage","fresh","outdoor","2022-10-18T14:41Z","single leaf","FSP_GUAN_20221018_1441",NA,"Some minor discoloring possibly due to insect damage","0000-0002-1538-9085","0000-0002-6338-5791",NA,"20241118T013955Z","RELEASE-2025"
"aa96c0aa-ddf5-48dd-a14c-01c66b8b0ab0","GUAN_010.basePlot.cfc","D04","GUAN","GUAN_010","distributed","Individual","evergreenForest","WGS84",17.9724,-66.8713,20.1,175.2,0.1,NA,NA,NA,"2022-10-18T18:22Z","fsp.GUAN.2022_Leaf","Y","NEON-REVI","Reynosia vivesiana Trejo","xIqeKa1cF5wXTv2UbJbV0vMZQUb+90WF9scv6jdsoX1c7jGGAvIwMw==","A00000196263","NEON.PLA.D04.GUAN.09381","OK","healthy","mature","sunlit","top","pure foliage","fresh","outdoor","2022-10-18T14:33Z","single leaf","FSP_GUAN_20221018_1433",NA,NA,"0000-0002-1538-9085","0000-0002-6338-5791",NA,"20241118T013955Z","RELEASE-2025"
"c8fe19f3-e376-480e-a5d6-47591323e1ea","GUAN_045.basePlot.cfc","D04","GUAN","GUAN_045","tower","Individual","evergreenForest","WGS84",17.9692,-66.8739,20.1,143,0.12,NA,NA,NA,"2022-10-18T18:48Z","fsp.GUAN.2022_Leaf","Y","COKR","Coccoloba krugii Lindau","xIqeKa1cF5x5c7MLuJ/zJSi92UDiI1u+mznc/wu17g0=","A00000196264","NEON.PLA.D04.GUAN.09016","OK","healthy","mature","sunlit","top","pure foliage","fresh","outdoor","2022-10-18T15:04Z","single leaf","FSP_GUAN_20221018_1504",NA,NA,"0000-0002-1538-9085","0000-0002-6338-5791",NA,"20241118T013955Z","RELEASE-2025"
"c0df1301-7bcf-4e7c-a740-0b23d5963569","GUAN_045.basePlot.cfc","D04","GUAN","GUAN_045","tower","Individual","evergreenForest","WGS84",17.9692,-66.8739,20.1,143,0.12,NA,NA,NA,"2022-10-18T18:58Z","fsp.GUAN.2022_Leaf","Y","GYLU","Gymnanthes lucida Sw.","xIqeKa1cF5xH/9ZmV5bMx8NUzwdFdqzNXMBnQtF6bQM=","A00000196253","NEON.PLA.D04.GUAN.09372","OK","healthy","mature","sunlit","top","pure foliage","fresh","outdoor","2022-10-18T15:08Z","single leaf","FSP_GUAN_20221018_1508",NA,NA,"0000-0002-1538-9085","0000-0002-6338-5791",NA,"20241118T013955Z","RELEASE-2025"
"6e166ce8-5557-4022-8d9f-b8718e648dbb","GUAN_045.basePlot.cfc","D04","GUAN","GUAN_045","tower","Individual","evergreenForest","WGS84",17.9692,-66.8739,20.1,143,0.12,NA,NA,NA,"2022-10-18T19:04Z","fsp.GUAN.2022_Leaf","Y","PIAL3","Pisonia albida (Heimerl) Britton ex Standl.","xIqeKa1cF5wH39N3Hhwe65a8q2DJfjhPAKF9aaI4B9E=","A00000196255","NEON.PLA.D04.GUAN.03697","OK","healthy","mature","sunlit","top","pure foliage","fresh","outdoor","2022-10-18T15:16Z","single leaf","FSP_GUAN_20221018_1516",NA,"Some insect bites - otherwise looks healthy","0000-0002-1538-9085","0000-0002-6338-5791",NA,"20241118T013955Z","RELEASE-2025"
"314e2a38-5475-4cab-b1f8-16a34e3d352a","GUAN_045.basePlot.cfc","D04","GUAN","GUAN_045","tower","Individual","evergreenForest","WGS84",17.9692,-66.8739,20.1,143,0.12,NA,NA,NA,"2022-10-18T19:22Z","fsp.GUAN.2022_Leaf","Y","MAPO6","Machaonia portoricensis Baill.","xIqeKa1cF5yF0aI1yjvHjKxO4bhHO9UP0JHX3hKCT7k=","A00000196254","NEON.PLA.D04.GUAN.09017","OK","healthy","mature","sunlit","top","foliage plus stem","fresh","outdoor","2022-10-18T15:31Z",NA,"FSP_GUAN_20221018_1531",NA,"Flower - no front or back","0000-0002-1538-9085","0000-0002-6338-5791",NA,"20241118T013955Z","RELEASE-2025"
"018271ae-b917-4f10-86d2-fcebb18c1ee1","GUAN_045.basePlot.cfc","D04","GUAN","GUAN_045","tower","Individual","evergreenForest","WGS84",17.9692,-66.8739,20.1,143,0.12,NA,NA,NA,"2022-10-18T19:22Z","fsp.GUAN.2022_Leaf","Y","MAPO6","Machaonia portoricensis Baill.","xIqeKa1cF5yF0aI1yjvHjKxO4bhHO9UP0JHX3hKCT7k=","A00000196254","NEON.PLA.D04.GUAN.09017","OK","healthy","mature","sunlit","top","pure foliage","fresh","outdoor","2022-10-18T15:35Z","multiple overlapping leaves","FSP_GUAN_20221018_1535",NA,"Half tape on back of leaf","0000-0002-1538-9085","0000-0002-6338-5791",NA,"20241118T013955Z","RELEASE-2025"
"0719648b-9ef5-4dd0-b7d3-2769dfbfa577","GUAN_007.basePlot.cfc","D04","GUAN","GUAN_007","distributed","Individual","evergreenForest","WGS84",17.9728,-66.8577,20.1,172.4,0.17,NA,NA,NA,"2022-10-19T11:13Z","fsp.GUAN.2022_Leaf","Y","AMEL","Amyris elemifera L.","xIqeKa1cF5zsDatfdqCC0cnocxusPbxYb4PKpgHeOKY=","A00000195528","NEON.PLA.D04.GUAN.09395","OK","healthy","mature","sunlit","top","pure foliage","fresh","laboratory","2022-10-19T17:32Z","single leaf","FSP_GUAN_20221019_1732",NA,NA,"0000-0002-1538-9085","0000-0002-6338-5791",NA,"20241118T013955Z","RELEASE-2025"
"5960932b-ba0b-423e-83af-7c476e11de18","GUAN_007.basePlot.cfc","D04","GUAN","GUAN_007","distributed","Individual","evergreenForest","WGS84",17.9728,-66.8577,20.1,172.4,0.17,NA,NA,NA,"2022-10-19T11:21Z","fsp.GUAN.2022_Leaf","Y","BUSI","Bursera simaruba (L.) Sarg.","xIqeKa1cF5wOaaZ/OOUvWBxOFerry+L3G12k7BVW14I=","A00000195527","NEON.PLA.D04.GUAN.02440","OK","healthy","mature","sunlit","top","pure foliage","fresh","laboratory","2022-10-19T17:37Z","single leaf","FSP_GUAN_20221019_1737",NA,NA,"0000-0002-1538-9085","0000-0002-6338-5791",NA,"20241118T013955Z","RELEASE-2025"
"c08dfa9e-5d38-4b6d-8d49-b1382390db16","GUAN_007.basePlot.cfc","D04","GUAN","GUAN_007","distributed","Individual","evergreenForest","WGS84",17.9728,-66.8577,20.1,172.4,0.17,NA,NA,NA,"2022-10-19T11:37Z","fsp.GUAN.2022_Leaf","Y","BUBU","Bucida buceras L.","xIqeKa1cF5xYBHSYE3LGXPFyt9sUDYj5OKqi9WaGlQ4=","A00000195529","NEON.PLA.D04.GUAN.02790","Insect damaged","diseased","mature","sunlit","top","pure foliage","fresh","laboratory","2022-10-19T17:45Z","single leaf","FSP_GUAN_20221019_1745",NA,"Slight insect damage","0000-0002-1538-9085","0000-0002-6338-5791",NA,"20241118T013955Z","RELEASE-2025"
"6cba648d-903a-4398-858a-93a79c51e8b2","GUAN_003.basePlot.cfc","D04","GUAN","GUAN_003","distributed","Individual","evergreenForest","WGS84",17.9731,-66.8617,20.1,181,0.17,NA,NA,NA,"2022-10-19T12:26Z","fsp.GUAN.2022_Leaf","Y","BUBU","Bucida buceras L.","xIqeKa1cF5zvfyWocxcqlJ8UPQGyWe9Pg1u345buee4=","A00000196265","NEON.PLA.D04.GUAN.09375Z","Insect damaged","damaged","mature","sunlit","top","pure foliage","fresh","laboratory","2022-10-19T18:00Z","single leaf","FSP_GUAN_20221019_1800",NA,"Slight insect damage","0000-0002-1538-9085","0000-0002-6338-5791",NA,"20241118T013955Z","RELEASE-2025"
"fad1a6d3-b423-4771-9077-e49e010bcb36","GUAN_003.basePlot.cfc","D04","GUAN","GUAN_003","distributed","Individual","evergreenForest","WGS84",17.9731,-66.8617,20.1,181,0.17,NA,NA,NA,"2022-10-19T12:33Z","fsp.GUAN.2022_Leaf","Y","COEL2","Colubrina elliptica (Sw.) Briz. & Stern","xIqeKa1cF5x8QxTcC5aUMZe63AraI+VVI+wU3hAECqw=","A00000196258","NEON.PLA.D04.GUAN.09380","OK","healthy","mature","sunlit","top","pure foliage","fresh","laboratory","2022-10-19T17:48Z","single leaf","FSP_GUAN_20221019_1748",NA,NA,"0000-0002-1538-9085","0000-0002-6338-5791",NA,"20241118T013955Z","RELEASE-2025"
"88cdf285-fd2d-47d0-b291-81564d6d5a10","GUAN_003.basePlot.cfc","D04","GUAN","GUAN_003","distributed","Individual","evergreenForest","WGS84",17.9731,-66.8617,20.1,181,0.17,NA,NA,NA,"2022-10-19T12:34Z","fsp.GUAN.2022_Leaf","Y","KRFE","Krugiodendron ferreum (Vahl) Urb.","xIqeKa1cF5y/ulQMAFBj0sAQMfz5wnDJBvcJ4LSmero=","A00000196256","NEON.PLA.D04.GUAN.09377","Insect damaged","damaged","mature","sunlit","top","pure foliage","fresh","laboratory","2022-10-19T17:52Z",NA,"FSP_GUAN_20221019_1752",NA,"Insect damage","0000-0002-1538-9085","0000-0002-6338-5791",NA,"20241118T013955Z","RELEASE-2025"
"1e778e1d-fb0d-41ae-88ec-ae5616bbf539","GUAN_042.basePlot.cfc","D04","GUAN","GUAN_042","tower","Individual","evergreenForest","WGS84",17.9707,-66.864,20.2,144.8,0.3,NA,NA,NA,"2022-10-19T13:59Z","fsp.GUAN.2022_Leaf","Y","CAIN5","Capparis indica (L.) Druce","xIqeKa1cF5wWbsAsJbmSn+ql9AApa+XkTG6VAlR/8nA=","A00000196275","NEON.PLA.D04.GUAN.09196","OK","healthy","mature","sunlit","top","pure foliage","fresh","laboratory","2022-10-19T18:08Z","single leaf","FSP_GUAN_20221019_1808",NA,NA,"0000-0002-1538-9085","0000-0002-6338-5791",NA,"20241118T013955Z","RELEASE-2025"
"dc61469c-4954-48f4-ad9a-a80929749b75","GUAN_042.basePlot.cfc","D04","GUAN","GUAN_042","tower","Individual","evergreenForest","WGS84",17.9707,-66.864,20.2,144.8,0.3,NA,NA,NA,"2022-10-19T14:32Z","fsp.GUAN.2022_Leaf","Y","GUSA","Guaiacum sanctum L.","xIqeKa1cF5xABiXrs0UCiDrRHfYwjSl6KAyJ1BMUP18=","A00000195532","NEON.PLA.D04.GUAN.02699","OK","healthy","mature","sunlit","top","pure foliage","fresh","laboratory","2022-10-19T18:12Z","multiple overlapping leaves","FSP_GUAN_20221019_1812",NA,NA,"0000-0002-1538-9085","0000-0002-6338-5791",NA,"20241118T013955Z","RELEASE-2025"
"af977777-e202-44e9-ada3-acce122f622f","GUAN_042.basePlot.cfc","D04","GUAN","GUAN_042","tower","Individual","evergreenForest","WGS84",17.9707,-66.864,20.2,144.8,0.3,NA,NA,NA,"2022-10-19T14:51Z","fsp.GUAN.2022_Leaf","Y","BUSI","Bursera simaruba (L.) Sarg.","xIqeKa1cF5wru2D/2cP7M0naf4nC+KPkknMrBUkVPEk=","A00000195519","NEON.PLA.D04.GUAN.02692","OK","healthy","mature","sunlit","top","pure foliage","fresh","laboratory","2022-10-19T18:04Z","single leaf","FSP_GUAN_20221019_1804",NA,NA,"0000-0002-1538-9085","0000-0002-6338-5791",NA,"20241118T013955Z","RELEASE-2025"
"330d3519-1d15-4512-b277-182264611f06","GUAN_048.basePlot.cfc","D04","GUAN","GUAN_048","tower","Individual","evergreenForest","WGS84",17.9691,-66.8643,20.1,130.1,0.12,NA,NA,NA,"2022-10-19T16:55Z","fsp.GUAN.2022_Leaf","Y","BUBU","Bucida buceras L.","xIqeKa1cF5wwbgR6i65FNfHYazSTm466cEerkO9743E=","A00000196240","NEON.PLA.D04.GUAN.03369","OK","healthy","mature","sunlit","top","pure foliage","fresh","laboratory","2022-10-19T18:16Z","single leaf","FSP_GUAN_20221019_1816",NA,NA,"0000-0002-1538-9085","0000-0002-6338-5791",NA,"20241118T013955Z","RELEASE-2025"
"bda69401-d40c-4fe1-8b5e-399bb8c7369c","GUAN_048.basePlot.cfc","D04","GUAN","GUAN_048","tower","Individual","evergreenForest","WGS84",17.9691,-66.8643,20.1,130.1,0.12,NA,NA,NA,"2022-10-19T17:04Z","fsp.GUAN.2022_Leaf","Y","PIAC","Pictetia aculeata (Vahl) Urb.","xIqeKa1cF5xmyct80+HLN3OY0BwgrBKj6mp+EtOW0a8=","A00000196276","NEON.PLA.D04.GUAN.09364","Insect damaged","damaged","mature","sunlit","top","pure foliage","fresh","laboratory","2022-10-19T18:34Z","multiple overlapping leaves","FSP_GUAN_20221019_1834",NA,"Insect damage","0000-0002-1538-9085","0000-0002-6338-5791",NA,"20241118T013955Z","RELEASE-2025"
"1637f138-c2fd-449e-a5b4-beed3436eb9c","GUAN_048.basePlot.cfc","D04","GUAN","GUAN_048","tower","Individual","evergreenForest","WGS84",17.9691,-66.8643,20.1,130.1,0.12,NA,NA,NA,"2022-10-19T17:42Z","fsp.GUAN.2022_Leaf","Y","TAHE","Tabebuia heterophylla (DC.) Britton","xIqeKa1cF5y2+5vw1VQhLB9kzjF43VaslBzEo6Fnlq0=","A00000195548","NEON.PLA.D04.GUAN.09365","OK","healthy","mature","sunlit","top","pure foliage","fresh","laboratory","2022-10-19T18:19Z","multiple overlapping leaves","FSP_GUAN_20221019_1819",NA,NA,"0000-0002-1538-9085","0000-0002-6338-5791",NA,"20241118T013955Z","RELEASE-2025"
"67bd427b-5d34-46f1-bee4-3724ec9a3993","GUAN_051.basePlot.cfc","D04","GUAN","GUAN_051","tower","Individual","evergreenForest","WGS84",17.9691,-66.8631,20.1,130.4,0.14,NA,NA,NA,"2022-10-19T18:15Z","fsp.GUAN.2022_Leaf","Y","CRLU2","Croton lucidus L.","xIqeKa1cF5xtgHyQlSGpdzhg3a6FFceL6fNX7Mpkhy4=","A00000196238","NEON.PLA.D04.GUAN.09367","OK","healthy","mature","sunlit","top","pure foliage","fresh","laboratory","2022-10-19T18:38Z","single leaf","FSP_GUAN_20221019_1838",NA,NA,"0000-0002-1538-9085","0000-0002-6338-5791",NA,"20241118T013955Z","RELEASE-2025"
"d50598dd-ef21-4aff-864f-ccbe461bf481","GUAN_057.basePlot.cfc","D04","GUAN","GUAN_057","tower","Individual","evergreenForest","WGS84",17.9686,-66.8651,20.1,125.2,0.1,NA,NA,NA,"2022-10-20T11:26Z","fsp.GUAN.2022_Leaf","Y","GYLU","Gymnanthes lucida Sw.","xIqeKa1cF5yIJWpEyXnC4XGBeI8x8nCwCcz/0xCF4Fk=","A00000196248","NEON.PLA.D04.GUAN.09354","OK","healthy","mature","sunlit","top","pure foliage","fresh","laboratory","2022-10-21T16:57Z","single leaf","FSP_GUAN_20221021_1657",NA,NA,"0000-0002-1538-9085","0000-0002-6338-5791",NA,"20241118T013955Z","RELEASE-2025"
"00038d2f-8f1c-48c3-80d8-f4e5d9fc9014","GUAN_049.basePlot.cfc","D04","GUAN","GUAN_049","tower","Individual","evergreenForest","WGS84",17.9677,-66.8643,20.1,122.4,0.15,NA,NA,NA,"2022-10-20T12:44Z","fsp.GUAN.2022_Leaf","Y","SASE6","Savia sessiliflora (Sw.) Willd.","xIqeKa1cF5zTaTYAc6c2dOaMI+VnAgVXWVTsnq2V9yc=","A00000195445","NEON.PLA.D04.GUAN.09366","OK","healthy","mature","sunlit","top","pure foliage","fresh","laboratory","2022-10-21T16:54Z","single leaf","FSP_GUAN_20221021_1654",NA,NA,"0000-0002-1538-9085","0000-0002-6338-5791",NA,"20241118T013955Z","RELEASE-2025"
"795d0e81-1174-4de8-b607-426c64523684","GUAN_016.basePlot.cfc","D04","GUAN","GUAN_016","distributed","Individual","evergreenForest","WGS84",17.968,-66.8847,20.2,161.9,0.15,NA,NA,NA,"2022-10-20T14:20Z","fsp.GUAN.2022_Leaf","Y","GYLU","Gymnanthes lucida Sw.","xIqeKa1cF5wHuYv/fO4TyFwxeKvR+njPeIMDW0Y3j+Q=","A00000195461","NEON.PLA.D04.GUAN.09342","OK","healthy","mature","sunlit","top","pure foliage","fresh","laboratory","2022-10-21T17:32Z","single leaf","FSP_GUAN_20221021_1732",NA,NA,"0000-0002-1538-9085","0000-0002-6338-5791",NA,"20241118T013955Z","RELEASE-2025"
"8021618c-c51f-4c56-b775-cccab565be95","GUAN_016.basePlot.cfc","D04","GUAN","GUAN_016","distributed","Individual","evergreenForest","WGS84",17.968,-66.8847,20.2,161.9,0.15,NA,NA,NA,"2022-10-20T14:25Z","fsp.GUAN.2022_Leaf","Y","CODI8","Coccoloba diversifolia Jacq.","xIqeKa1cF5zVD06usArvCkzwjN1N3gASNF5OY3O7AyY=","A00000196271","NEON.PLA.D04.GUAN.09340","OK","healthy","mature","sunlit","top","pure foliage","fresh","laboratory","2022-10-21T17:37Z","single leaf","FSP_GUAN_20221021_1737",NA,NA,"0000-0002-1538-9085","0000-0002-6338-5791",NA,"20241118T013955Z","RELEASE-2025"
"caae2654-6889-4135-bcfe-000d2b686436","GUAN_016.basePlot.cfc","D04","GUAN","GUAN_016","distributed","Individual","evergreenForest","WGS84",17.968,-66.8847,20.2,161.9,0.15,NA,NA,NA,"2022-10-20T14:39Z","fsp.GUAN.2022_Leaf","Y","CAHA9","Capparis hastata Jacq.","xIqeKa1cF5yMa2EChb4vlA9aN8NMmxeg7FMqJ/AlY2o=","A00000196269","NEON.PLA.D04.GUAN.09341","Insect damaged","damaged","mature","sunlit","top","pure foliage","fresh","laboratory","2022-10-21T16:50Z","single leaf","FSP_GUAN_20221021_1650",NA,"Slight insect damage","0000-0002-1538-9085","0000-0002-6338-5791",NA,"20241118T013955Z","RELEASE-2025"
"4e3568db-15af-4e23-846e-d63608248690","GUAN_047.basePlot.cfc","D04","GUAN","GUAN_047","tower","Individual","evergreenForest","WGS84",17.9732,-66.8668,20.2,157,0.24,NA,NA,NA,"2022-10-20T16:57Z","fsp.GUAN.2022_Leaf","Y","EUAX","Eugenia axillaris (Sw.) Willd.","xIqeKa1cF5z/qON25o1YUAMALH23Cx1AbrjLaRicsrg=","A00000196272","NEON.PLA.D04.GUAN.09363","OK","healthy","mature","sunlit","top","pure foliage","fresh","laboratory","2022-10-21T16:43Z","single leaf","FSP_GUAN_20221021_1643",NA,NA,"0000-0002-1538-9085","0000-0002-6338-5791",NA,"20241118T013955Z","RELEASE-2025"
"73beeed1-b1da-4c89-8596-4fcd95ab4f43","GUAN_015.basePlot.cfc","D04","GUAN","GUAN_015","distributed","Individual","evergreenForest","WGS84",17.9769,-66.8619,20.1,205,0.18,NA,NA,NA,"2022-10-20T17:41Z","fsp.GUAN.2022_Leaf","Y","SCFR","Schaefferia frutescens Jacq.","xIqeKa1cF5wjV6nRnDE3pVe8+2lE73JXDp/wVQKSC7A=","A00000196279","NEON.PLA.D04.GUAN.09358","OK","healthy","mature","sunlit","top","pure foliage","fresh","laboratory","2022-10-21T16:34Z","single leaf","FSP_GUAN_20221021_1634",NA,NA,"0000-0002-1538-9085","0000-0002-6338-5791",NA,"20241118T013955Z","RELEASE-2025"
"dde6ea47-01bb-4ece-b5f0-ac5bfa248c2a","GUAN_015.basePlot.cfc","D04","GUAN","GUAN_015","distributed","Individual","evergreenForest","WGS84",17.9769,-66.8619,20.1,205,0.18,NA,NA,NA,"2022-10-20T17:54Z","fsp.GUAN.2022_Leaf","Y","COAR3","Colubrina arborescens (Mill.) Sarg.","xIqeKa1cF5yeZPv/bbdv6rwkWqn9suVmmHzywNHQMYM=","A00000196274","NEON.PLA.D04.GUAN.09357","OK","healthy","mature","sunlit","top","pure foliage","fresh","laboratory","2022-10-21T16:29Z","single leaf","FSP_GUAN_20221021_1629",NA,NA,"0000-0002-1538-9085","0000-0002-6338-5791",NA,"20241118T013955Z","RELEASE-2025"
"cec34625-b4c3-4424-ad51-45c9454372ba","GUAN_015.basePlot.cfc","D04","GUAN","GUAN_015","distributed","Individual","evergreenForest","WGS84",17.9769,-66.8619,20.1,205,0.18,NA,NA,NA,"2022-10-20T18:12Z","fsp.GUAN.2022_Leaf","Y","CODO","Comocladia dodonaea (L.) Urb.","xIqeKa1cF5wKrGE3Ckejm2QIzx28i8EJPHoStaTzGcg=","A00000196278","NEON.PLA.D04.GUAN.09359","OK","healthy","mature","sunlit","top","foliage plus stem","fresh","laboratory","2022-10-21T16:19Z","single leaf","FSP_GUAN_20221021_1619",NA,"Toxic","0000-0002-1538-9085","0000-0002-6338-5791",NA,"20241118T013955Z","RELEASE-2025"
"4ebce658-e86f-43cf-be8d-fc4fdb1d63aa","GUAN_011.basePlot.cfc","D04","GUAN","GUAN_011","distributed","Individual","evergreenForest","WGS84",17.9751,-66.867,20.1,198.8,0.1,NA,NA,NA,"2022-10-20T18:52Z","fsp.GUAN.2022_Leaf","Y","GYLU","Gymnanthes lucida Sw.","xIqeKa1cF5y10LRHJr++90nepyAv4Mchn1cAaTGG1Tw=","A00000196280","NEON.PLA.D04.GUAN.09348","OK","healthy","mature","sunlit","top","pure foliage","fresh","laboratory","2022-10-21T15:55Z","multiple overlapping leaves","FSP_GUAN_20221021_1555",NA,NA,"0000-0002-1538-9085","0000-0002-6338-5791",NA,"20241118T013955Z","RELEASE-2025"
"87e24341-5953-4dea-b367-036149929da7","GUAN_011.basePlot.cfc","D04","GUAN","GUAN_011","distributed","Individual","evergreenForest","WGS84",17.9751,-66.867,20.1,198.8,0.1,NA,NA,NA,"2022-10-20T19:04Z","fsp.GUAN.2022_Leaf","Y","CRRH","Crossopetalum rhacoma Crantz","xIqeKa1cF5zdr9jkJeZOp5YGGe25iQU5A2E6SX1IZ7E=","A00000196281","NEON.PLA.D04.GUAN.09349","Insect damaged","damaged","mature","sunlit","top","pure foliage","fresh","laboratory","2022-10-21T16:03Z","multiple overlapping leaves","FSP_GUAN_20221021_1603",NA,"Insect damage","0000-0002-1538-9085","0000-0002-6338-5791",NA,"20241118T013955Z","RELEASE-2025"
"4ab35128-a512-4f46-8191-e9bc6738570a","GUAN_011.basePlot.cfc","D04","GUAN","GUAN_011","distributed","Individual","evergreenForest","WGS84",17.9751,-66.867,20.1,198.8,0.1,NA,NA,NA,"2022-10-20T19:08Z","fsp.GUAN.2022_Leaf","Y","LAEX","Lantana exarata Urb. & Ekman","xIqeKa1cF5xr5i1hPortKW7mYezdNIOi+FzAUSIZWzA=","A00000196257","NEON.PLA.D04.GUAN.09347","OK","healthy","mature","sunlit","top","pure foliage","fresh","laboratory","2022-10-21T16:12Z","multiple overlapping leaves","FSP_GUAN_20221021_1612",NA,NA,"0000-0002-1538-9085","0000-0002-6338-5791",NA,"20241118T013955Z","RELEASE-2025"
"febd645a-c833-4062-a94e-306397ec3bbc","GUAN_053.basePlot.cfc","D04","GUAN","GUAN_053","tower","Individual","evergreenForest","WGS84",17.9715,-66.8631,20.1,178.4,0.1,NA,NA,NA,"2022-10-21T12:01Z","fsp.GUAN.2022_Leaf","Y","PIUN","Pithecellobium unguis-cati (L.) Benth.","xIqeKa1cF5xy/Kig1CysWRw6bxA0YsgPf1mqbn+OXF8=","A00000196251","NEON.PLA.D04.GUAN.09356","OK","healthy","mature","sunlit","top","pure foliage","fresh","laboratory","2022-10-21T17:24Z","multiple overlapping leaves","FSP_GUAN_20221021_1724",NA,NA,"0000-0002-1538-9085","0000-0002-6338-5791",NA,"20241118T013955Z","RELEASE-2025"
"34b3d0a7-fcc7-45d4-a6af-3023a89b801a","GUAN_053.basePlot.cfc","D04","GUAN","GUAN_053","tower","Individual","evergreenForest","WGS84",17.9715,-66.8631,20.1,178.4,0.1,NA,NA,NA,"2022-10-21T12:07Z","fsp.GUAN.2022_Leaf","Y","THSTP","Thouinia striata Radlk. var. portoricensis (Radlk.) Votava & Alain","xIqeKa1cF5yLX/nuS45jkLsKrbThiky8MNxs/AwDZ2I=","A00000196283","NEON.PLA.D04.GUAN.09368","OK","healthy","mature","sunlit","top","pure foliage","fresh","laboratory","2022-10-21T17:12Z","single leaf","FSP_GUAN_20221021_1712",NA,NA,"0000-0002-1538-9085","0000-0002-6338-5791",NA,"20241118T013955Z","RELEASE-2025"
"879942fb-7c1b-4da9-a495-beb18a3cda25","GUAN_053.basePlot.cfc","D04","GUAN","GUAN_053","tower","Individual","evergreenForest","WGS84",17.9715,-66.8631,20.1,178.4,0.1,NA,NA,NA,"2022-10-21T12:09Z","fsp.GUAN.2022_Leaf","Y","TUDI","Turnera diffusa Willd. ex Schult.","xIqeKa1cF5wZNwUbefd4oppv2M3J07q1Nj7WDpWGDLA=","A00000196282","NEON.PLA.D04.GUAN.09369","OK","healthy","mature","sunlit","top","pure foliage","fresh","laboratory","2022-10-21T17:21Z","multiple overlapping leaves","FSP_GUAN_20221021_1721",NA,NA,"0000-0002-1538-9085","0000-0002-6338-5791",NA,"20241118T013955Z","RELEASE-2025"
"a78e1cf0-ed06-4ca3-b5a2-4d6edde51b71","GUAN_053.basePlot.cfc","D04","GUAN","GUAN_053","tower","Individual","evergreenForest","WGS84",17.9715,-66.8631,20.1,178.4,0.1,NA,NA,NA,"2022-10-21T12:10Z","fsp.GUAN.2022_Leaf","Y","GUKR","Guettarda krugii Urb.","xIqeKa1cF5wzoGDdE0VSu1thadSqo982SuFV57NT+EY=","A00000196250","NEON.PLA.D04.GUAN.09355","OK","healthy","mature","sunlit","top","pure foliage","fresh","laboratory","2022-10-21T17:00Z","single leaf","FSP_GUAN_20221021_1700",NA,NA,"0000-0002-1538-9085","0000-0002-6338-5791",NA,"20241118T013955Z","RELEASE-2025"
"85e5c93c-305c-482f-b5c2-3972f177dcf1","GUAN_004.basePlot.cfc","D04","GUAN","GUAN_004","distributed","Individual","evergreenForest","WGS84",17.9693,-66.8527,20.1,131.1,0.11,NA,NA,NA,"2022-10-21T13:26Z","fsp.GUAN.2022_Leaf","Y","SISA6","Sideroxylon salicifolium (L.) Lam.","xIqeKa1cF5wb9AoQTlI2I7Su0gVCCsx4wFbNQlD28q4=","A00000195444","NEON.PLA.D04.GUAN.04333","OK","healthy","mature","sunlit","top","pure foliage","fresh","laboratory","2022-10-21T17:04Z","single leaf","FSP_GUAN_20221021_1704",NA,NA,"0000-0002-1538-9085","0000-0002-6338-5791",NA,"20241118T013955Z","RELEASE-2025"
"789cb79f-c786-4d38-81dd-16d5284bab93","GUAN_009.basePlot.cfc","D04","GUAN","GUAN_009","distributed","Individual","evergreenForest","WGS84",17.9794,-66.8678,20.1,114.1,0.1,NA,NA,NA,"2022-10-21T15:10Z","fsp.GUAN.2022_Leaf","Y","PRJU3","Prosopis juliflora (Sw.) DC.","xIqeKa1cF5x3riTwmM+wMeeiz3Kr31jVKNSfNDnFPD8=","A00000196252","NEON.PLA.D04.GUAN.04695","OK","healthy","mature","sunlit","top","foliage plus stem","fresh","laboratory","2022-10-21T17:08Z","multiple overlapping leaves","FSP_GUAN_20221021_1708",NA,NA,"0000-0002-1538-9085","0000-0002-6338-5791",NA,"20241118T013955Z","RELEASE-2025"
"e8f95ec2-5c0e-4eba-ace9-d0e1e71925e3","STER_012.basePlot.cfc","D10","STER","STER_012","tower","Individual","cultivatedCrops","WGS84",40.4601,-103.0298,20.1,1363.7,0.1,NA,NA,NA,"2022-07-19T17:20Z","fsp.STER.2022_Leaf","Y","SEIT","Setaria italica (L.) P. Beauv.","5NSA7+zQmwmq3PzMF3tvNj0MsQ1Y/+V2V1h+jAkivzU=","A00000253070",NA,"OK","healthy","mature","sunlit","top","pure foliage","fresh","outdoor","2022-07-19T12:25Z","horizontal needle mat","FSP_STER_20220719_1225","FSP_STER_20220719_1225",NA,"0000-0002-1538-9085","0000-0002-6338-5791",NA,"20250107T232738Z","RELEASE-2025"
"b79c19f6-3ce0-45bd-97a7-fb5b1d2f9e82","STER_012.basePlot.cfc","D10","STER","STER_012","tower","Individual","cultivatedCrops","WGS84",40.4601,-103.0298,20.1,1363.7,0.1,NA,NA,NA,"2022-07-19T17:20Z","fsp.STER.2022_Leaf","Y","SOBI2","Sorghum bicolor (L.) Moench","5NSA7+zQmwmq3PzMF3tvNj0MsQ1Y/+V2V1h+jAkivzU=","A00000253070",NA,"OK","healthy","mature","sunlit","top","pure foliage","fresh","outdoor","2022-07-19T11:54Z","single leaf","FSP_STER_20220719_1154","FSP_STER_20220719_1154",NA,"0000-0002-1538-9085","0000-0002-6338-5791",NA,"20250107T232738Z","RELEASE-2025"
"7f2332b3-5e34-483c-b97f-715bf281a05f","STER_012.basePlot.cfc","D10","STER","STER_012","tower","Individual","cultivatedCrops","WGS84",40.4601,-103.0298,20.1,1363.7,0.1,NA,NA,NA,"2022-07-19T17:20Z","fsp.STER.2022_Leaf","Y","BASSI","Bassia sp.","5NSA7+zQmwmq3PzMF3tvNj0MsQ1Y/+V2V1h+jAkivzU=","A00000253070",NA,"OK","healthy","mature","sunlit","top","foliage plus stem","fresh","outdoor","2022-07-19T12:18Z","single leaf","FSP_STER_20220719_1218","FSP_STER_20220719_1218",NA,"0000-0002-1538-9085","0000-0002-6338-5791",NA,"20250107T232738Z","RELEASE-2025"
"75684425-daa4-4378-b6d3-576fdde1a577","STER_010.basePlot.cfc","D10","STER","STER_010","tower","Individual","cultivatedCrops","WGS84",40.4606,-103.0305,20.1,1363.1,0.1,NA,NA,NA,"2022-07-19T18:33Z","fsp.STER.2022_Leaf","Y","SOBI2","Sorghum bicolor (L.) Moench","5NSA7+zQmwkDp5dauQTLtZtWy4k7+Hs7JxR6ZHwNLHg=","A00000253073",NA,"OK","healthy","mature","sunlit","top","pure foliage","fresh","outdoor","2022-07-19T12:40Z","single leaf","FSP_STER_20220719_1240","FSP_STER_20220719_1240",NA,"0000-0002-1538-9085","0000-0002-6338-5791",NA,"20250107T232738Z","RELEASE-2025"
"d1f26c23-f6b6-4df9-b9c5-b94051a13d27","STER_010.basePlot.cfc","D10","STER","STER_010","tower","Individual","cultivatedCrops","WGS84",40.4606,-103.0305,20.1,1363.1,0.1,NA,NA,NA,"2022-07-19T18:33Z","fsp.STER.2022_Leaf","Y","SOBI2","Sorghum bicolor (L.) Moench","5NSA7+zQmwkDp5dauQTLtZtWy4k7+Hs7JxR6ZHwNLHg=","A00000253073",NA,"Physically damaged","damaged","mature","sunlit","top","pure foliage","fresh","outdoor","2022-07-19T12:47Z","single leaf","FSP_STER_20220719_1247","FSP_STER_20220719_1247","Physically damaged","0000-0002-1538-9085","0000-0002-6338-5791",NA,"20250107T232738Z","RELEASE-2025"
"236097e7-85a6-4a8b-8edd-5bb3ec71de88","STER_010.basePlot.cfc","D10","STER","STER_010","tower","Individual","cultivatedCrops","WGS84",40.4606,-103.0305,20.1,1363.1,0.1,NA,NA,NA,"2022-07-19T18:33Z","fsp.STER.2022_Leaf","Y","SEIT","Setaria italica (L.) P. Beauv.","5NSA7+zQmwkDp5dauQTLtZtWy4k7+Hs7JxR6ZHwNLHg=","A00000253073",NA,"OK","healthy","mature","sunlit","top","pure foliage","fresh","outdoor","2022-07-19T12:56Z","horizontal needle mat","FSP_STER_20220719_1256","FSP_STER_20220719_1256","Steamy in tape","0000-0002-1538-9085","0000-0002-6338-5791",NA,"20250107T232738Z","RELEASE-2025"
"f314cfd2-025e-4c12-b398-d95c9dc460c8","STER_011.basePlot.cfc","D10","STER","STER_011","tower","Individual","cultivatedCrops","WGS84",40.4612,-103.0315,20.1,1362.6,0.1,NA,NA,NA,"2022-07-19T19:46Z","fsp.STER.2022_Leaf","Y","SEIT","Setaria italica (L.) P. Beauv.","5NSA7+zQmwldJrBHkMEqRrr2xaRm8FiX3Yl6rWbgR50=","A00000253071",NA,"OK","healthy","mature","sunlit","top","pure foliage","fresh","outdoor","2022-07-19T13:54Z","horizontal needle mat","FSP_STER_20220719_1354","FSP_STER_20220719_1354",NA,"0000-0002-1538-9085","0000-0002-6338-5791",NA,"20250107T232738Z","RELEASE-2025"
"b5e00718-b06b-4d2b-bde5-65aa7820ef7a","STER_011.basePlot.cfc","D10","STER","STER_011","tower","Individual","cultivatedCrops","WGS84",40.4612,-103.0315,20.1,1362.6,0.1,NA,NA,NA,"2022-07-19T19:46Z","fsp.STER.2022_Leaf","Y","SOBI2","Sorghum bicolor (L.) Moench","5NSA7+zQmwldJrBHkMEqRrr2xaRm8FiX3Yl6rWbgR50=","A00000253071",NA,"OK","healthy","mature","sunlit","top","pure foliage","fresh","outdoor","2022-07-19T13:47Z","single leaf","FSP_STER_20220719_1347","FSP_STER_20220719_1347",NA,"0000-0002-1538-9085","0000-0002-6338-5791",NA,"20250107T232738Z","RELEASE-2025"
"7d371a11-6e33-4ed7-8ec7-d9f94a6e7c53","STER_005.basePlot.cfc","D10","STER","STER_005","distributed","Individual","cultivatedCrops","WGS84",40.4607,-103.0333,20.1,1363.6,0.1,NA,NA,NA,"2022-07-19T20:22Z","fsp.STER.2022_Leaf","Y","SOBI2","Sorghum bicolor (L.) Moench","5NSA7+zQmwlJ4fACxPuIzuCGjIPmnO366XjUEAa7WIo=","A00000125374",NA,"OK","healthy","mature","sunlit","top","pure foliage","fresh","outdoor","2022-07-19T14:31Z","single leaf","FSP_STER_20220719_1431","FSP_STER_20220719_1431",NA,"0000-0002-1538-9085","0000-0002-6338-5791",NA,"20250107T232738Z","RELEASE-2025"
"898ec1ba-e9fe-4f95-9c78-6dbc4297091c","STER","D10","STER",NA,NA,"Individual",NA,"WGS84",40.4619,-103.0293,NA,1364.6,NA,40.4619,-103.0293,NA,"2022-07-20T08:06Z","fsp.STER.2022_Leaf","N","TRTE","Tribulus terrestris L.","veYUjP6Zd8b27ohTCNmcHkYxsO9qOqxGODT3CWIITCw=",NA,NA,"OK","healthy","mature","sunlit","top","foliage plus stem","fresh","outdoor","2022-07-20T08:06Z","multiple overlapping leaves","FSP_STER_20220720_0806","FSP_STER_20220720_0806",NA,"0000-0002-1538-9085","0000-0002-6338-5791",NA,"20250107T232738Z","RELEASE-2025"
"f15bf7f9-b77d-40de-a5d5-5eae6eef6a1f","STER","D10","STER",NA,NA,"Individual",NA,"WGS84",40.4619,-103.0293,NA,1364.6,NA,40.4619,-103.0293,NA,"2022-07-20T08:14Z","fsp.STER.2022_Leaf","N","SEIT","Setaria italica (L.) P. Beauv.","veYUjP6Zd8bnSpAk4mH4mzWJTYS2bKTsuJ//VjDA7gI=",NA,NA,"OK","healthy","mature","sunlit","top","pure foliage","fresh","outdoor","2022-07-20T08:14Z","horizontal needle mat","FSP_STER_20220720_0814","FSP_STER_20220720_0814",NA,"0000-0002-1538-9085","0000-0002-6338-5791",NA,"20250107T232738Z","RELEASE-2025"
"8588fc11-7f86-4630-8cf1-a156cb12b76d","STER","D10","STER",NA,NA,"Individual",NA,"WGS84",40.4619,-103.0293,NA,1364.6,NA,40.4619,-103.0293,NA,"2022-07-20T08:22Z","fsp.STER.2022_Leaf","N","SOBI2","Sorghum bicolor (L.) Moench","veYUjP6Zd8aqS4H5bC2ix7G9PLHL2UYkq3FalKOuLiY=",NA,NA,"OK","diseased","mature","sunlit","top","pure foliage","fresh","outdoor","2022-07-20T08:22Z","single leaf","FSP_STER_20220720_0822","FSP_STER_20220720_0822","Unhealthy and bright green","0000-0002-1538-9085","0000-0002-6338-5791",NA,"20250107T232738Z","RELEASE-2025"
"8973ca99-a686-4f54-9ac4-e3cb3aaec064","STER_016.basePlot.cfc","D10","STER","STER_016","tower","Individual","cultivatedCrops","WGS84",40.4639,-103.0308,20.1,1360.6,0.1,40.4619,-103.0293,NA,"2022-07-20T08:30Z","fsp.STER.2022_Leaf","N","PACA6","Panicum capillare L.","veYUjP6Zd8Zbh6S3DoGQ76ZdEGqW6s7Eqi5WmZFd/IU=",NA,NA,"OK","healthy","mature","sunlit","top","pure foliage","fresh","outdoor","2022-07-20T08:30Z","horizontal needle mat","FSP_STER_20220720_0830","FSP_STER_20220720_0830",NA,"0000-0002-1538-9085","0000-0002-6338-5791",NA,"20250107T232738Z","RELEASE-2025"
"17581770-7113-4b45-8b19-01daf2ccf86a","STER","D10","STER",NA,NA,"Individual",NA,"WGS84",40.4619,-103.0293,NA,1364.6,NA,40.4619,-103.0293,NA,"2022-07-20T08:54Z","fsp.STER.2022_Leaf","N","HEAN3","Helianthus annuus L.","veYUjP6Zd8aoAgBlTTLwXJ0s8QCnkC6DyxWZeCjy1Go=",NA,NA,"OK","healthy","mature","sunlit","top","pure foliage","fresh","outdoor","2022-07-20T08:54Z","multiple overlapping leaves","FSP_STER_20220720_0854","FSP_STER_20220720_0854","Sunflower pedals","0000-0002-1538-9085","0000-0002-6338-5791",NA,"20250107T232738Z","RELEASE-2025"
"4430ebb8-f69d-4fc5-906a-6bc6e03f6abc","STER","D10","STER",NA,NA,"Individual",NA,"WGS84",40.4619,-103.0293,NA,1364.6,NA,40.4619,-103.0293,NA,"2022-07-20T09:02Z","fsp.STER.2022_Leaf","N","HEAN3","Helianthus annuus L.","veYUjP6Zd8aoAgBlTTLwXJ0s8QCnkC6D2jk6jgP52QI=",NA,NA,"OK","healthy","mature","sunlit","top","pure foliage","fresh","outdoor","2022-07-20T09:02Z","multiple overlapping leaves","FSP_STER_20220720_0902","FSP_STER_20220720_0902","Sunflower Leaves","0000-0002-1538-9085","0000-0002-6338-5791",NA,"20250107T232738Z","RELEASE-2025"
"f1d97150-e409-4cc7-9581-ead66924cf21","STER","D10","STER",NA,NA,"Individual",NA,"WGS84",40.4619,-103.0293,NA,1364.6,NA,40.4619,-103.0293,NA,"2022-07-20T09:09Z","fsp.STER.2022_Leaf","N","AMAL","Amaranthus albus L.","veYUjP6Zd8YgUUVRtTLhFVjEynzcRMzhi2BFKtHEGrM=",NA,NA,"OK","healthy","mature","sunlit","top","pure foliage","fresh","outdoor","2022-07-20T09:09Z","multiple overlapping leaves","FSP_STER_20220720_0909","FSP_STER_20220720_0909",NA,"0000-0002-1538-9085","0000-0002-6338-5791",NA,"20250107T232738Z","RELEASE-2025"
"0a91541a-158c-4c76-9130-e2e9121ccb84","STER","D10","STER",NA,NA,"Individual",NA,"WGS84",40.4619,-103.0293,NA,1364.6,NA,40.4619,-103.0293,NA,"2022-07-20T09:16Z","fsp.STER.2022_Leaf","N","EUDED","Euphorbia dentata Michx. var. dentata","veYUjP6Zd8bMQnzhx2PYNOef2ptKyGxJ+SK51k2ases=",NA,NA,"OK","healthy","mature","sunlit","top","pure foliage","fresh","outdoor","2022-07-20T09:16Z","multiple overlapping leaves","FSP_STER_20220720_0916","FSP_STER_20220720_0916",NA,"0000-0002-1538-9085","0000-0002-6338-5791",NA,"20250107T232738Z","RELEASE-2025"
"3ec7eff3-97b2-4136-ad6a-243303548072","STER_006.basePlot.cfc","D10","STER","STER_006","distributed","Individual","cultivatedCrops","WGS84",40.4639,-103.0353,20.1,1361.2,0.1,40.4619,-103.0293,NA,"2022-07-20T09:23Z","fsp.STER.2022_Leaf","N","TRTE","Tribulus terrestris L.","veYUjP6Zd8b27ohTCNmcHrC13rqcgdmElPW2xExHm1g=",NA,NA,"OK","healthy","mature","sunlit","top","foliage plus stem","fresh","outdoor","2022-07-20T09:23Z","multiple overlapping leaves","FSP_STER_20220720_0923","FSP_STER_20220720_0923","Not distinguishing front and back","0000-0002-1538-9085","0000-0002-6338-5791",NA,"20250107T232738Z","RELEASE-2025"
"6412bf03-a6f7-48e4-962a-cd6cdb71c040","STER_006.basePlot.cfc","D10","STER","STER_006","distributed","Individual","cultivatedCrops","WGS84",40.4639,-103.0353,20.1,1361.2,0.1,40.4619,-103.0293,NA,"2022-07-20T09:29Z","fsp.STER.2022_Leaf","N","POCOC2","Polygonum convolvulus L. var. convolvulus","veYUjP6Zd8bADqlPnNEOSo2E5KGuiL6pwlgjEv4NQPc=",NA,NA,"OK","healthy","mature","sunlit","top","pure foliage","fresh","outdoor","2022-07-20T09:29Z","single leaf","FSP_STER_20220720_0929","FSP_STER_20220720_0929",NA,"0000-0002-1538-9085","0000-0002-6338-5791",NA,"20250107T232738Z","RELEASE-2025"
"d428d234-4ef6-48f3-a223-8b24ae22fbd2","STER_006.basePlot.cfc","D10","STER","STER_006","distributed","Individual","cultivatedCrops","WGS84",40.4639,-103.0353,20.1,1361.2,0.1,40.4619,-103.0293,NA,"2022-07-20T09:35Z","fsp.STER.2022_Leaf","N","TRAE","Triticum aestivum L.","veYUjP6Zd8ZQ2xwPdN3SuKS37tkbDpti6DeDxeLAmxU=",NA,NA,"OK","healthy","mature","sunlit","top","pure foliage","fresh","outdoor","2022-07-20T09:35Z","horizontal needle mat","FSP_STER_20220720_0935","FSP_STER_20220720_0935","Wheat - Guessed on sample time and need to check","0000-0002-1538-9085","0000-0002-6338-5791",NA,"20250107T232738Z","RELEASE-2025"
"e94988ae-89a4-438e-a401-97feda0b1108","STER_018.basePlot.cfc","D10","STER","STER_018","distributed","Individual","cultivatedCrops","WGS84",40.4653,-103.0346,20.1,1362.6,0.1,40.4619,-103.0293,NA,"2022-07-20T09:53Z","fsp.STER.2022_Leaf","N","BASSI","Bassia sp.","veYUjP6Zd8ayJETOIgiwfO/uMcWnBNjvbPvo68eMA4s=",NA,NA,"OK","healthy","mature","sunlit","top","pure foliage","fresh","outdoor","2022-07-20T09:53Z","single leaf","FSP_STER_20220720_0953","FSP_STER_20220720_0953",NA,"0000-0002-1538-9085","0000-0002-6338-5791",NA,"20250107T232738Z","RELEASE-2025"
"0b23b865-8352-432a-a394-df7162ea77ca","STER","D10","STER",NA,NA,"Individual",NA,"WGS84",40.4619,-103.0293,NA,1364.6,NA,40.4619,-103.0293,NA,"2022-07-20T10:26Z","fsp.STER.2022_Leaf","N","SALSO","Salsola sp.","veYUjP6Zd8alIcMXOItjNvfuXnM+KUK8nvuJSvxh138=",NA,NA,"OK","healthy","mature","sunlit","top","foliage plus stem","fresh","outdoor","2022-07-20T10:26Z","multiple overlapping leaves","FSP_STER_20220720_1026","FSP_STER_20220720_1026","Not distinguishing front and back","0000-0002-1538-9085","0000-0002-6338-5791",NA,"20250107T232738Z","RELEASE-2025"
"f36d7314-a13c-4c49-b37e-731d5c988a63","STER","D10","STER",NA,NA,"Individual",NA,"WGS84",40.4619,-103.0293,NA,1364.6,NA,40.4619,-103.0293,NA,"2022-07-20T11:22Z","fsp.STER.2022_Leaf","N","ZEMA","Zea mays L.","veYUjP6Zd8YMifzUCBiiHBPPkJ+TVhAmoQ0WzgKSuOU=",NA,NA,"OK","healthy","mature","sunlit","top","pure foliage","fresh","outdoor","2022-07-20T11:22Z","single leaf","FSP_STER_20220720_1122","FSP_STER_20220720_1122",NA,"0000-0002-1538-9085","0000-0002-6338-5791",NA,"20250107T232738Z","RELEASE-2025"
"f7d37b39-bf5c-46be-a713-2d83c1feccea","STER_016.basePlot.cfc","D10","STER","STER_016","tower","Individual","cultivatedCrops","WGS84",40.4639,-103.0308,20.1,1360.6,0.1,NA,NA,NA,"2022-07-20T14:21Z","fsp.STER.2022_Leaf","Y","SOBI2","Sorghum bicolor (L.) Moench","5NSA7+zQmwlrndcufPJ7LHNUWiob8xN+cim3KUmEcwY=","A00000253072",NA,"OK","healthy","mature","sunlit","top","pure foliage","fresh","outdoor","2022-07-20T08:37Z","single leaf","FSP_STER_20220720_0837","FSP_STER_20220720_0837",NA,"0000-0002-1538-9085","0000-0002-6338-5791",NA,"20250107T232738Z","RELEASE-2025"
"55fe066d-a0b1-40c3-b107-90d4da2dc85c","STER_006.basePlot.cfc","D10","STER","STER_006","distributed","Individual","cultivatedCrops","WGS84",40.4639,-103.0353,20.1,1361.2,0.1,NA,NA,NA,"2022-07-20T15:18Z","fsp.STER.2022_Leaf","Y","SOBI2","Sorghum bicolor (L.) Moench","5NSA7+zQmwkfKAitIJGEGNOnL2zaAOL3+27U+uZ9FpI=","A00000253063",NA,"OK","healthy","mature","sunlit","top","pure foliage","fresh","outdoor","2022-07-20T09:41Z","single leaf","FSP_STER_20220720_0941","FSP_STER_20220720_0941",NA,"0000-0002-1538-9085","0000-0002-6338-5791",NA,"20250107T232738Z","RELEASE-2025"
"9cc07e1b-7ab9-456d-92c4-11adf293eaec","STER_018.basePlot.cfc","D10","STER","STER_018","distributed","Individual","cultivatedCrops","WGS84",40.4653,-103.0346,20.1,1362.6,0.1,NA,NA,NA,"2022-07-20T16:03Z","fsp.STER.2022_Leaf","Y","SOBI2","Sorghum bicolor (L.) Moench","5NSA7+zQmwnT0mEu3GquvmfRF1jh9x9K3WwJnTlZ+ec=","A00000253053",NA,"OK","healthy","mature","sunlit","top","pure foliage","fresh","outdoor","2022-07-20T10:04Z","single leaf","FSP_STER_20220720_1004","FSP_STER_20220720_1004",NA,"0000-0002-1538-9085","0000-0002-6338-5791",NA,"20250107T232738Z","RELEASE-2025"
"68fe44e8-dd10-4b0e-952e-c433fe652309","STER_033.basePlot.cfc","D10","STER","STER_033","distributed","Individual","cultivatedCrops","WGS84",40.4764,-103.0119,20.1,1356.6,0.22,NA,NA,NA,"2022-07-25T17:48Z","fsp.STER.2022_Leaf","Y","ZEMA","Zea mays L.","5NSA7+zQmwnsu5pQmxngFV2fBhx0nFzd5hY7txCuXlU=","A00000253500",NA,"OK","healthy","mature","sunlit","top","pure foliage","fresh","outdoor","2022-07-20T11:41Z","single leaf","FSP_STER_20220720_1141","FSP_STER_20220720_1141",NA,"0000-0002-1538-9085","0000-0002-6338-5791",NA,"20250107T232738Z","RELEASE-2025"
"8a8686d3-b3ec-4e26-9359-c6e3f7caaf08","STER_033.basePlot.cfc","D10","STER","STER_033","distributed","Individual","cultivatedCrops","WGS84",40.4764,-103.0119,20.1,1356.6,0.22,NA,NA,NA,"2022-07-25T17:48Z","fsp.STER.2022_Leaf","Y","ZEMA","Zea mays L.","5NSA7+zQmwnsu5pQmxngFV2fBhx0nFzd5hY7txCuXlU=","A00000253500",NA,"Physically damaged","damaged","mature","sunlit","top","pure foliage","fresh","outdoor","2022-07-20T11:36Z","single leaf","FSP_STER_20220720_1136","FSP_STER_20220720_1136","Dried out","0000-0002-1538-9085","0000-0002-6338-5791",NA,"20250107T232738Z","RELEASE-2025"
"547c2f82-3e51-48df-8129-7b5aed93f04b","STER_033.basePlot.cfc","D10","STER","STER_033","distributed","Individual","cultivatedCrops","WGS84",40.4764,-103.0119,20.1,1356.6,0.22,NA,NA,NA,"2022-07-25T17:48Z","fsp.STER.2022_Leaf","Y","ZEMA","Zea mays L.","5NSA7+zQmwnsu5pQmxngFV2fBhx0nFzd5hY7txCuXlU=","A00000253500",NA,"OK","healthy","mature","sunlit","top","pure foliage","fresh","outdoor","2022-07-20T11:30Z","single leaf","FSP_STER_20220720_1130","FSP_STER_20220720_1130","Corn","0000-0002-1538-9085","0000-0002-6338-5791",NA,"20250107T232738Z","RELEASE-2025"
